track_id,track_name,danceability,energy,tempo,loudness,valence,speechiness,instrumentalness,liveness,acousticness
2LawezPeJhN4AWuSB0GtAU,Have You Ever Seen The Rain,0.741,0.697,116.109,-7.028,0.774,0.0277,2.28e-05,0.133,0.0664
2TDDvKi8n44EaLVJXd2GkP,Break It Down Again,0.678,0.744,108.989,-7.001,0.484,0.0245,0.432,0.119,0.0124
2xGKkcdKQUyqKKfOhd58gP,Stay,0.581,0.525,119.09,-11.357,0.652,0.029,2.97e-05,0.131,0.314
7lo43I6slQYrmMZQYb99PC,A Visita,0.74,0.581,103.429,-6.466,0.969,0.0362,0.0689,0.199,0.659
6IBYNkdYt6UePLysFn6xu9,O Que É O Que É?,0.672,0.694,111.829,-8.867,0.939,0.0409,0.0,0.247,0.105
5ed6a8Fanf7jNghrZboXlU,Loving Every Minute,0.557,0.528,97.108,-9.63,0.72,0.0318,0.000191,0.097,0.303
2zhHYs0W7I891mfT4KGJ4d,Nosso Pequeno Castelo,0.773,0.638,108.962,-11.711,0.697,0.133,3.33e-05,0.107,0.582
0OrE0VWVZuhOPHSjO7WhKD,Voce Abusou,0.435,0.209,144.867,-15.551,0.522,0.0393,0.0,0.0751,0.695
6fR4It0y0RdwwjBRVIr405,I Follow Rivers,0.596,0.529,110.032,-8.194,0.696,0.0681,0.0,0.0171,0.0447
2kMvM1l45ZjpOv73qPefxA,Relicário,0.46,0.515,83.809,-9.473,0.395,0.0276,0.0,0.209,0.444
7wHiBFYJHp2MHjwyYV7xCZ,Meu Lugar,0.323,0.655,164.77,-7.412,0.657,0.0375,0.0,0.767,0.676
34eHLnDCoIh9g0co9zro3F,Tocando em Frente,0.49,0.282,88.039,-12.015,0.389,0.048,0.0,0.58,0.868
4dIWbsYRqqTcLKf4bVU4kk,Como Nossos Pais,0.51,0.401,143.942,-11.296,0.574,0.102,0.0,0.288,0.418
7DoBn08dqKS9MmtZiZChVD,Garota Nacional,0.86,0.768,130.108,-5.087,0.81,0.0341,0.000112,0.113,0.00396
6avkLAdK3IbkR1c7l6APmJ,Big Time Sensuality,0.728,0.717,118.589,-12.949,0.566,0.101,0.0172,0.167,7.34e-05
1U5zdT78JN2K5PPJEgyoLG,Meu Erro,0.792,0.506,104.397,-13.576,0.906,0.0326,0.00541,0.212,0.155
0JmNkza8Oax92TF7lJV8GZ,Cara valente,0.738,0.56,157.946,-9.963,0.645,0.0482,0.0045,0.126,0.608
51sjYvAPyoR7CQB1NQUgXJ,Sing,0.332,0.9,163.534,-5.023,0.243,0.0514,1.26e-05,0.058,0.000286
1N10tJPyQ70QcMLxhobSbJ,O Mar Serenou,0.706,0.52,85.568,-10.748,0.94,0.147,0.0,0.127,0.194
3RnA0bz5qbwtjSnAP0EcvS,What a Wonderful World,0.305,0.282,79.756,-10.255,0.262,0.0295,1.76e-06,0.108,0.791
6OguEkETIgjJs48LKaOjdZ,She,0.39,0.287,65.179,-12.881,0.302,0.0302,2.87e-06,0.13,0.447
0UvCh63URrLFcPkKt99hHd,Don't Look Back in Anger - Remastered,0.327,0.938,162.937,-3.237,0.326,0.0645,3.79e-06,0.148,0.0708
0cLH7BXqfm0RqnjueCPLfW,Evidence,0.686,0.779,97.948,-7.386,0.627,0.0306,0.00759,0.0725,0.0259
4zzvMG8KrsykYtvFEJ99Cl,Easy,0.506,0.554,124.724,-6.743,0.375,0.0339,0.000355,0.112,0.339
3mr584ZFSkZrWja9kJAzlb,Skyfall,0.346,0.552,75.881,-6.864,0.0789,0.0282,0.0,0.114,0.417
6Z1zJjEXLrszqTPol6bfFV,Live And Let Die - Remastered 1993,0.412,0.393,154.241,-13.316,0.183,0.0489,0.000969,0.136,0.0742
589AelScFm0FYQ4VG1biJi,"The James Bond Theme (From ""Dr. No"")",0.437,0.567,130.147,-12.797,0.326,0.0386,0.846,0.175,0.366
5UnqU47OSB8LBahj0jtjrR,Another Way to Die,0.541,0.772,71.201,-3.874,0.43,0.136,8.48e-05,0.0796,0.0382
4NvgRMckw4uzjNn2t7taPe,Die Another Day,0.788,0.777,123.994,-6.213,0.427,0.0844,0.00194,0.11,0.0681
4MR9iW77LJoPPDjwAYbIZZ,"You Know My Name - From ""Casino Royale"" Soundtrack",0.368,0.864,137.526,-3.335,0.374,0.0393,0.0,0.234,0.0197
0F3GMvgFyxWCOm1nxlkQSW,Perfect,0.639,0.897,114.297,-7.012,0.701,0.0444,0.815,0.475,0.0096
2iUrcZcAuVIahQD0dg9HLe,Autumn Leaves,0.496,0.634,93.357,-10.328,0.606,0.0364,0.402,0.0746,0.779
7KkzVlps826NezcpXPvEuV,Johnny B. Goode,0.502,0.931,166.407,-4.686,0.903,0.174,3.92e-06,0.281,0.697
5uCdgBAqYPWQ2HGpJVGAeD,Get Up I Feel Like Being A Sex Machine - Pt. 1 / Single Version,0.802,0.661,107.774,-7.569,0.799,0.171,2.31e-05,0.173,0.157
4z5vQIvJg32wmmIGFsmKMx,Minha Tribo Sou Eu,0.654,0.885,138.987,-8.812,0.684,0.0565,0.108,0.259,0.181
4rq3CoA3hrw3LjgtItwSu5,Aquarela,0.561,0.269,75.117,-12.045,0.646,0.0531,3.85e-05,0.101,0.93
38BhHsOGE3ly3q3IiRCh66,Pipes Of Peace - Remastered 2015,0.369,0.413,94.287,-14.386,0.406,0.0339,0.0,0.116,0.167
6nbyjI9tJUITph7LN7uZPj,O Trem das 7 (Ao Vivo),0.396,0.476,122.02,-9.345,0.394,0.0315,0.0,0.741,0.752
1Ow7BwZB6NKfxham67mLH7,Acontecimentos,0.634,0.495,137.879,-8.703,0.454,0.0321,0.000409,0.0454,0.169
5aGhtbviqUqjtno5vcUmCN,Colo de Menina,0.654,0.464,145.371,-8.369,0.72,0.031,0.0,0.11,0.305
6OSUZBGoQJOhbSrmvLrNa8,Space Cowboy,0.635,0.538,110.805,-15.429,0.795,0.0681,0.524,0.121,0.168
77QC2Lgrj6PG7H4HI6yNzS,Meu Guarda-Chuva,0.787,0.612,154.033,-10.419,0.892,0.047,0.322,0.0927,0.455
3OhfY94w6eTzs6UnvwDryF,Carolina,0.627,0.752,89.995,-6.438,0.48,0.0425,1.71e-05,0.204,0.0412
0WZRuNn00I9CJ6XO84F6j9,Verdade,0.582,0.902,106.543,-5.938,0.608,0.0498,0.0,0.135,0.101
2Z5d1taNoyOoxRQQDazMWR,Samba Lelê,0.894,0.79,96.024,-9.175,0.797,0.389,8.21e-06,0.544,0.358
76cWfrsIopzpOsWDPBjNJ7,A Banda,0.723,0.517,118.554,-9.769,0.961,0.0551,0.0,0.0967,0.86
1oJSAzNyTUCm36zhFYMcAZ,Big Yellow Taxi,0.672,0.872,88.047,-4.324,0.848,0.0486,0.0,0.16,0.00241
6mPCZm2rCaTledoBjTqSRl,All About That Bass - Live from Spotify London,0.775,0.528,135.197,-7.278,0.933,0.107,0.0,0.714,0.497
2lHVwMuA9fnKDYlceiXDLM,Rocket Man,0.128,0.0535,75.233,-23.248,0.0821,0.0382,0.963,0.0641,0.97
4Y7XAxTANhu3lmnLAzhWJW,Fireball (feat. John Ryan),0.761,0.933,122.959,-5.38,0.836,0.056,8.53e-05,0.0606,0.0908
0qukw1Cr7FADBAgzU55MQK,"Non, je ne regrette rien - Remasterisé En 2015",0.341,0.408,86.142,-7.072,0.427,0.0313,9.54e-06,0.166,0.874
46gLyFY3qZAoXpulDt6dPq,Respect,0.821,0.496,114.605,-8.4,0.955,0.0462,2.3e-05,0.328,0.479
7MIzAYEVULbhSwP6vK1zVH,Oh Chuva,0.756,0.759,127.963,-6.587,0.869,0.126,0.0,0.191,0.441
0CufeoNTkYAgTkTQsX7T5o,Get Down On It - Single Version,0.879,0.644,110.872,-6.396,0.971,0.0581,0.000148,0.0612,0.201
5gEuWtxcn5Vz4xpT7dBoBU,The Thrill Is Gone,0.692,0.493,86.644,-9.662,0.28,0.0325,0.00166,0.128,0.0934
1xNmF1Uep5OGutizZSbKvd,One Of Us,0.316,0.499,174.782,-7.899,0.403,0.0298,1.81e-05,0.126,0.0108
4jtYkaxeQg2yjPRZQttd9I,Love Of My Life - Live,0.302,0.321,110.528,-16.91,0.196,0.0827,3.57e-05,0.957,0.871
4m815SdxfKNxLHITG4WpzB,"Bola De Meia, Bola De Gude",0.566,0.7,106.154,-9.339,0.542,0.132,6e-05,0.145,0.465
7KFUj2MunvS4cbauF04r6w,O bêbado e a equilibrista,0.442,0.417,94.233,-12.992,0.276,0.047,3.54e-06,0.229,0.773
4wMgrdT7euVj4GugqcKPz4,Aqua de Beber,0.626,0.52,82.57,-8.729,0.76,0.0337,4.08e-06,0.0968,0.343
4rFCA3E7dSDUuxmbg25K6l,Mais Que Nada (Remix),0.778,0.87,99.758,-8.573,0.775,0.0804,0.175,0.102,0.00953
5RFG9IVkzxE4LhObpIJncY,Under My Thumb,0.73,0.555,126.959,-11.38,0.807,0.0377,0.207,0.178,0.33
7f0jXNMu2xjQUtmKMuWhGA,What's Up?,0.566,0.57,134.537,-9.875,0.491,0.0285,0.0,0.118,0.156
74I1z55PBTBkBC6Ay5ydf5,Flores em você,0.606,0.278,155.888,-13.195,0.763,0.0409,0.0,0.182,0.816
5xTt7WCmlfdSa9aP3MV56A,One Note Samba,0.636,0.209,82.332,-17.449,0.731,0.083,0.000996,0.317,0.903
5j6ZZwA9BnxZi5Bk0Ng4jB,Heroes - 1999 Remaster,0.478,0.774,112.577,-6.977,0.429,0.0292,0.585,0.191,0.000265
2REJewOG7lanXShkriw5f2,Tudo No Lugar,0.73,0.905,95.985,-4.547,0.686,0.0771,0.308,0.124,0.0288
7HZXKocB073IEw7ZgnVQEO,Funk Nu a Murit,0.681,0.809,92.021,-5.094,0.67,0.0399,0.773,0.0847,0.0764
0aJzrpwqEdGZQsSHLvbbpz,Vou Deixar,0.509,0.846,135.844,-6.707,0.753,0.0369,4.37e-05,0.12,0.033
4D3HlCklYQQgTEuPDso96G,Exagerado 3.0,0.566,0.878,136.027,-4.422,0.725,0.0276,0.0,0.0745,0.00493
0SrDqCmn2ClzEzNkAZYc2Y,Bete Balanço,0.782,0.705,116.967,-9.16,0.902,0.038,0.00179,0.0743,0.416
6rs96E1pfzZgBdNQKqOjEy,O segundo sol,0.339,0.882,154.202,-4.85,0.679,0.0434,6.57e-05,0.0985,0.17
5flYFbJweqUHlQjle7uRlI,Que Beleza,0.507,0.547,160.879,-7.488,0.905,0.0416,0.458,0.0769,0.314
3voQ4FSnDNKEKuBNeJjAR5,Malemolencia,0.846,0.564,141.886,-10.323,0.637,0.0474,8.81e-05,0.091,0.248
2jmJZpdJhCXhfEhewqui5G,Gostava Tanto de Você - Ao Vivo,0.561,0.832,104.198,-8.299,0.444,0.154,1.02e-06,0.581,0.0136
0oxnbj3KvvMl5khReTSn59,Wish You Were Here,0.791,0.569,143.978,-7.744,0.577,0.0605,0.0159,0.14,0.0223
4v4woUHljv9XQPSOSNwFcG,Só Tinha De Ser Com Voce (Com Tom),0.796,0.385,119.932,-15.073,0.506,0.0452,0.444,0.165,0.708
7C1bOiV8Bj0I3YpAnuS8ue,São Gonça,0.639,0.777,108.017,-5.842,0.603,0.115,0.0,0.119,0.208
4d0DpU7Odiv0ztvX2GxJlk,Exagerado,0.678,0.663,136.388,-7.726,0.822,0.0307,0.0161,0.615,0.0874
1TX4h6MrIZ0K3r4OOG11WO,Flor de Lis,0.549,0.502,85.793,-16.202,0.781,0.0493,0.0,0.0622,0.223
0bQLIdNVBA46reRFqeSz3y,Mais Que Nada,0.649,0.569,88.953,-10.145,0.884,0.0446,5.24e-05,0.201,0.628
0L7urInJWJwBXrVeunHwCU,Aquele Abraço,0.481,0.621,84.916,-9.65,0.951,0.136,0.0,0.242,0.341
4eJFgz99l1ppawgesG8RRV,16 Toneladas,0.616,0.52,82.697,-10.925,0.938,0.0599,0.0,0.082,0.809
0X3wPQutw80NtG4PQGolvT,Let's Call the Whole Thing Off,0.644,0.312,123.396,-13.538,0.582,0.199,0.0,0.0906,0.841
00hwJU6jHS9C1LW4PLWXId,Dream a Little Dream of Me,0.455,0.167,76.118,-13.613,0.404,0.0739,0.0,0.173,0.918
6tjZNDZo24C8gGelsozCzB,What a Wonderful World,0.411,0.292,108.315,-12.908,0.186,0.0321,7.12e-05,0.14,0.836
3cR6v2bOwqi7znC8P5Vs1T,Maracatu Atômico,0.748,0.729,95.743,-8.924,0.264,0.0969,0.000272,0.214,0.0142
1EzrEOXmMH3G43AXT1y7pA,I'm Yours,0.686,0.457,150.953,-8.322,0.718,0.0468,0.0,0.105,0.595
3erAiWBiKsbVG39cqCrsI0,Human,0.643,0.698,75.073,-4.094,0.556,0.276,0.0,0.169,0.414
5VwQYHpyQPhiToPKWJaHiO,I Can't Dance,0.941,0.497,107.552,-10.805,0.899,0.0446,2.39e-05,0.0321,0.42
6GmUVqe73u5YRfUUynZK6I,Let Her Go,0.479,0.545,74.897,-7.346,0.244,0.0688,0.0,0.0963,0.365
6M6UoxIPn4NOWW0x7JPRfv,Young Folks,0.701,0.815,138.142,-5.995,0.67,0.038,0.000627,0.0969,0.0172
7ytqdjooPEAa97QSu6NUHS,Dream A Little Dream Of Me - Album Version With Introduction,0.459,0.322,133.91,-12.912,0.331,0.0595,0.0,0.072,0.816
1idZSAVHfLPQq9tDTYhnIA,The Last of the Famous International Playboys - 2010 Remaster,0.617,0.876,104.228,-5.806,0.735,0.0268,2.72e-06,0.224,0.0241
5WQ1hIc5d2EVbRQ8qsj8Uh,Hey Ya! - Radio Mix / Club Mix,0.719,0.967,79.505,-2.435,0.964,0.0552,0.000249,0.206,0.0588
3m6KkYKdnbffMpGd9Pm9FP,Seven Nation Army,0.745,0.466,123.889,-7.62,0.303,0.0864,0.35,0.272,0.00666
646J2jOtUe4Jflrmh6JFjN,Bring Me To Life,0.312,0.946,189.892,-3.209,0.297,0.107,2.93e-06,0.288,0.00749
0n2SEXB2qoRQg171q7XqeW,Smooth (feat. Rob Thomas),0.609,0.923,115.996,-3.908,0.961,0.0338,4.73e-06,0.295,0.16
4XYdH6H7haUCeEm9YezQ9K,Chão de Giz,0.667,0.44,143.843,-9.32,0.34,0.0333,0.0014,0.198,0.837
67FQ9r8wiJvKKj5gq8zmCb,Mistérios da Meia Noite,0.497,0.568,94.447,-8.759,0.579,0.0334,0.0,0.126,0.357
2nwCO1PqpvyoFIvq3Vrj8N,These Boots Are Made For Walkin',0.74,0.392,82.742,-11.996,0.387,0.0824,1.11e-06,0.0965,0.483
2gsRi0MuGDsDyvR9usz1pd,Day Tripper,0.661,0.57,145.879,-9.64,0.763,0.137,1.5e-05,0.552,0.58
1lkC6oC7SbwgnEBEC05r64,Get the Party Started,0.799,0.903,128.926,-3.366,0.963,0.0448,0.0,0.166,0.00106
6oDPg7fXW3Ug3KmbafrXzA,Wrecking Ball,0.466,0.403,119.81,-6.142,0.337,0.0337,0.0,0.111,0.395
3yP0cohcr97BUNJcgvmSVg,The Passenger,0.5,0.846,134.937,-8.098,0.738,0.0457,0.0,0.241,0.0797
2dR5WkrpwylTuT3jRWNufa,Fly Me To The Moon - Remastered,0.67,0.365,119.344,-10.158,0.45,0.0564,0.0,0.0575,0.525
08mG3Y1vljYA6bvDt4Wqkj,Back In Black,0.31,0.7,188.386,-5.678,0.763,0.047,0.00965,0.0828,0.011
6yl8Es1tCYD9WdSkeVLFw4,You Shook Me All Night Long,0.529,0.768,127.316,-5.51,0.769,0.0566,0.000685,0.297,0.00224
2zYzyRzz6pRmhPzyfMEC8s,Highway to Hell,0.573,0.913,115.715,-4.793,0.422,0.132,0.00173,0.156,0.0591
5mnvqisoDJilY0uCEdT8rG,Danny's Song,0.507,0.198,141.261,-16.089,0.601,0.0324,0.0,0.102,0.806
401RZ4h6JrBHq8mzBDu9nQ,Danny's Song,0.51,0.442,144.614,-9.468,0.517,0.0282,5.26e-05,0.0905,0.596
63vL5oxWrlvaJ0ayNaQnbX,Istanbul (Not Constantinople),0.688,0.748,114.144,-9.39,0.892,0.0377,0.00453,0.136,0.0801
0BCF5r2criwyGRSN3n36re,Andar com fé,0.774,0.647,95.098,-6.682,0.965,0.0514,0.000569,0.46,0.47
3qZaenSSBPkKTi8nJ48aKf,Vamos fugir,0.627,0.793,134.197,-10.436,0.828,0.0502,0.000362,0.758,0.475
7LjcQfRQtD7XYvjR1JKsZA,Samba Da Bencao,0.592,0.371,123.435,-14.73,0.534,0.0601,0.0,0.161,0.879
2DKuUrwCGwfRQBzIiSAKRi,Bete balanço - Ao vivo,0.577,0.933,124.091,-4.719,0.794,0.0453,9.33e-05,0.48,0.0929
5jtEGp5xkVV3zvNq7mVcW1,Anunciação,0.541,0.711,100.111,-8.929,0.785,0.0279,0.000154,0.106,0.425
0zDVclPMSsjeyvbnqhWOmt,La vie en rose - Single Version,0.52,0.0406,70.138,-16.397,0.285,0.0635,0.000364,0.0845,0.877
3Bbbz0IGORWZSLf9UqsAL4,Dream A Little Dream Of Me,0.631,0.127,76.559,-15.333,0.322,0.0949,0.0,0.0732,0.939
0LEoCPq4QlV2h41Fm5ENJ3,Common People,0.319,0.839,144.938,-7.341,0.538,0.0404,7.99e-05,0.0764,0.00596
5CeL9C3bsoe4yzYS1Qz8cw,Girls and Boys,0.693,0.875,120.048,-8.354,0.901,0.0315,0.0,0.0601,0.00971
5xC8uOesnn0udeXAYlAnoY,Alright,0.467,0.958,145.92,-4.808,0.701,0.0775,0.199,0.299,0.000479
2PpruBYCo4H7WOBJ7Q2EwM,Hey Ya!,0.728,0.974,79.526,-2.261,0.965,0.0665,0.000532,0.175,0.103
1vxw6aYJls2oq3gW0DujAo,Crazy,0.855,0.587,111.97,-4.589,0.64,0.0336,0.00714,0.105,0.0505
3y9p60VKSjscT2M2de0uz8,Smiley Faces,0.562,0.886,86.999,-2.448,0.636,0.0367,0.0,0.312,0.00759
3ydfhgIZIc2j39NLIhpJpq,Fuck You,0.693,0.879,127.457,-3.988,0.753,0.0578,0.0,0.124,0.193
0uqPG793dkDDN7sCUJJIVC,Where Is The Love?,0.835,0.687,94.059,-3.18,0.828,0.184,0.0,0.132,0.101
36482hNESSwELpr9sS3NbE,A Little Party Never Killed Nobody (All We Got),0.761,0.619,129.998,-5.741,0.516,0.175,3.18e-06,0.0896,0.00959
7mitXLIMCflkhZiD34uEQI,Party Rock Anthem,0.751,0.736,130.014,-4.168,0.352,0.156,0.0,0.265,0.0206
6JV2JOEocMgcZxYSZelKcc,"CAN'T STOP THE FEELING! (Original Song from DreamWorks Animation's ""TROLLS"")",0.667,0.83,113.03,-5.715,0.701,0.0749,0.0,0.191,0.0123
1jF7IL57ayN4Ity3jQqGu0,Try,0.673,0.629,103.998,-7.072,0.551,0.0299,0.0,0.0944,0.00141
3XVBdLihbNbxUwZosxcGuJ,If I Ain't Got You,0.609,0.445,118.393,-9.129,0.166,0.106,6.77e-06,0.104,0.603
5TvE3pk05pyFIGdSY9j4DJ,Say Something,0.407,0.147,141.284,-8.822,0.0765,0.0355,2.89e-06,0.0913,0.857
14XWXWv5FoCbFzLksawpEe,Riders on the Storm,0.549,0.722,103.885,-11.729,0.716,0.0283,0.0138,0.11,0.25
44sw25l5s3dUQx38QQ4hix,Summertime,0.3,0.312,180.549,-13.886,0.394,0.0301,0.000179,0.124,0.106
1eujVQsT9v7ZTtvAkTEdZr,Piece Of My Heart,0.429,0.665,160.499,-9.681,0.543,0.14,0.00011,0.409,0.406
2KmEgiY8fQs0G6WNxtzQKr,Baba O'Riley,0.489,0.724,117.292,-8.367,0.15,0.0352,0.185,0.287,0.313
2aoo2jlRnM3A0NyLQqMN2f,All Along the Watchtower,0.438,0.805,113.253,-6.237,0.564,0.0624,5.69e-05,0.0842,0.00255
5p3JunprHCxClJjOmcLV8G,Walk On the Wild Side,0.575,0.318,104.522,-16.729,0.385,0.109,0.000202,0.0934,0.683
6mFkJmJqdDVQ1REhVfGgd1,Wish You Were Here,0.481,0.262,122.883,-15.73,0.375,0.0414,0.0114,0.832,0.735
4gMgiXfqyzZLMhsksGmbQV,"Another Brick in the Wall, Pt. 2",0.694,0.394,104.126,-15.881,0.719,0.0428,0.000677,0.247,0.0781
5MMnwYs0hIxkENRsbkWJ2G,Smoke On The Water - Remastered 2012,0.598,0.676,114.169,-9.211,0.805,0.0279,0.225,0.112,0.13
7FQSAiopqWOgCGqUNbDvh3,Paranoid,0.429,0.631,162.734,-11.514,0.376,0.0769,0.00411,0.175,7.85e-05
1BIDHSkkst8nckyBaHVP6A,Águas De Março,0.637,0.551,143.104,-9.31,0.468,0.116,0.0,0.111,0.844
1A4WjuUXeFEVXjwgc7eVZ6,Good People,0.721,0.586,176.105,-5.999,0.918,0.034,2.21e-05,0.0902,0.204
3OeUlriM0EZHdWleJtjoVr,Got My Mind Set On You - 2004 Mix,0.767,0.854,149.206,-6.947,0.963,0.0426,2.03e-06,0.485,0.465
2aksifNn5ph8igDOkPBA02,Love On The Brain,0.509,0.637,172.006,-4.83,0.378,0.0471,1.08e-05,0.0789,0.0717
0p20xyAdYkaxAPWdXr0sir,I Love Rock 'n' Roll,0.762,0.482,94.009,-4.35,0.684,0.0734,3.26e-06,0.0802,0.0725
0INtjcLMDnXjNB2YGe6RBT,Kung Fu Fighting (Single Version),0.623,0.705,110.064,-7.4,0.49,0.0832,0.0,0.0732,0.165
4uYwlMp841PLJmj1gJJwIq,"Lay, Lady, Lay",0.52,0.179,155.746,-21.976,0.407,0.0454,0.00344,0.131,0.356
300RfAPZ57B0y6YYj9n6DN,Superstition - Single Version,0.642,0.735,99.682,-8.866,0.864,0.0806,0.000733,0.0391,0.0172
3M5eeHXgG4VplKNcsBC8Dj,"Signed, Sealed, Delivered (I'm Yours)",0.67,0.619,108.826,-10.365,0.807,0.0323,0.0,0.0492,0.0514
5eSllZgRWCIJsDTAqFRwQw,Coffee and TV,0.743,0.743,121.604,-10.117,0.707,0.0367,0.233,0.0987,0.0511
7kXmJwrZGIhDaLT9sNo3ut,Hey Boy Hey Girl,0.632,0.92,127.001,-4.976,0.363,0.0531,0.508,0.114,0.119
2cNjgoSh1TBHFQIhfzRJUE,Go,0.751,0.897,119.97,-3.598,0.482,0.0468,2.88e-05,0.329,0.00957
2wPFy7SAFnt9Nj2TipWcqb,Block Rockin' Beats,0.606,0.977,109.41,-3.642,0.809,0.06,0.5,0.179,0.0206
1Ng1cdcIdXqt3ouDhpw477,Sunshine Reggae - 2008 Remaster,0.734,0.708,167.499,-6.926,0.893,0.0456,0.125,0.0797,0.16
2FYE5aTxHX5lMJZ8HKmiQn,Dona Cila,0.635,0.248,88.074,-10.582,0.286,0.0305,9.35e-05,0.119,0.671
3BEZCNZSmVv30vsMNSOCri,"Layla - Acoustic; Live at MTV Unplugged, Bray Film Studios, Windsor, England, UK, 1/16/1992; 2013 Remaster",0.558,0.524,93.654,-11.626,0.636,0.0459,0.000952,0.94,0.321
6Nabz5Gsy80XL0MJoOmgF8,Beds Are Burning - Remastered,0.754,0.496,119.186,-8.7,0.341,0.0351,0.000152,0.0871,0.00539
78gWMNi0b8lgSgVe0U0AMX,House of Fun - 2000 Remastered Version,0.725,0.934,127.39,-4.684,0.985,0.0288,0.00116,0.169,0.465
6ZKlm17z22OxkzgemE4aos,Addicted To Love,0.703,0.579,111.583,-12.786,0.973,0.0308,7.07e-06,0.117,0.37
189ORFltyfCNtP4CCJou8L,Moving On Up,0.851,0.851,125.057,-6.967,0.897,0.0334,0.13,0.16,0.0212
3SBypTHvrB7Dc7Jai9FmI1,Cérebro Eletrônico,0.414,0.815,122.805,-8.274,0.926,0.119,0.0,0.472,0.351
4tb7A6O8cE2UzELRTwU3KZ,Só Tinha De Ser Com Você,0.807,0.476,119.729,-11.606,0.46,0.0472,0.394,0.148,0.695
371VkfwKiXJxgH5ZPoQNHD,The Joker,0.596,0.448,83.293,-9.616,0.796,0.0396,5.3e-06,0.206,0.365
5N4Hl2Gv1UDpEHu3nMRQFB,Friction,0.673,0.719,150.129,-5.983,0.428,0.0934,0.00384,0.123,0.0111
3PkfVwSOVxP0ffvdQAWJUN,You Had Me,0.694,0.827,102.025,-5.172,0.703,0.198,0.0,0.23,0.136
0VtiO1D14T68y8DEMMNS8d,Love Today,0.671,0.901,124.464,-4.83,0.63,0.0682,0.00478,0.115,0.0293
5bLVrPldS8KXxkhuFLIqZO,Happy Ending/Over My Shoulder,0.35,0.237,119.569,-10.047,0.0959,0.0386,3.3e-06,0.283,0.846
30qVCFYKBtAENjTIBA8FPZ,The River of Dreams,0.631,0.749,89.646,-8.15,0.437,0.0576,5.21e-06,0.0667,0.205
2gE95JskwQ1pCACTpGe1Db,Down On The Corner,0.858,0.544,108.217,-9.289,0.874,0.0751,0.00109,0.0707,0.583
3YKptz29AsOlm7WAVnztBh,Kiss from a Rose,0.583,0.532,131.741,-7.11,0.223,0.0309,0.0,0.306,0.684
6Vz7vzOpCwKeSQlfViibuY,Crazy,0.633,0.858,102.559,-7.42,0.725,0.0473,0.0114,0.0655,0.208
7xpDGoUGbtaquk5xMvzwTh,Telegrama,0.643,0.501,94.514,-7.981,0.394,0.0424,0.0463,0.239,0.117
333v4s9EybUEFOY6ComIC2,Amor e Sexo,0.641,0.37,129.843,-10.049,0.176,0.0279,0.0,0.298,0.0646
2Yk0HvfTaijA47aM0Fj88u,Metamorfose Ambulante,0.498,0.587,135.913,-8.324,0.597,0.0304,0.0,0.179,0.372
2jERD2u9uoC7gGNQ0LbCrI,Codinome Beija-Flor,0.482,0.255,95.205,-9.793,0.301,0.031,9.67e-05,0.107,0.946
2UzQqudrAxeZeuJTcPBKBx,Cotidiano,0.434,0.537,89.091,-13.388,0.772,0.071,0.00123,0.0542,0.71
2cZKVvZYfuoTtdha8FEGQi,Relicário - Ao Vivo,0.3,0.7,165.642,-6.567,0.398,0.036,0.0,0.186,0.53
0dWOiVQwoUYTtXD0VVgmJQ,Chega de Saudade,0.563,0.242,87.771,-16.004,0.647,0.0327,0.0,0.166,0.743
5Wl9fPpzcNSE72hJAOuG3R,Tropicana (Morena Tropicana),0.641,0.802,134.11,-6.673,0.759,0.15,0.0,0.209,0.149
2ukW9zOr51AYeLSmCtTVqW,Não Me Deixe Só,0.731,0.469,107.093,-10.724,0.641,0.0379,0.0115,0.0976,0.333
6A3Q8BVAAI2PW1s6MX4ZGF,Boa Sorte / Good Luck,0.779,0.566,111.022,-9.289,0.28,0.05,0.000463,0.0814,0.323
2EYilkg1F79h8ch4f4Csii,Segue o Som,0.781,0.544,92.002,-7.557,0.688,0.0306,0.000138,0.0789,0.206
5W7fIifB8wRBPN6yOcHpi2,Samba de uma nota só,0.724,0.573,88.028,-8.346,0.437,0.0356,0.00445,0.107,0.472
6zBw2Qqqj2daIoST9XIJC4,"Ai, Ai, Ai...",0.64,0.718,130.119,-4.592,0.92,0.0275,0.000305,0.115,0.00214
7CdDIvw3jvjNaIs5m3mM4A,La Belle De Jour,0.644,0.404,105.062,-12.54,0.689,0.0348,0.000291,0.167,0.159
5ua6ByZaOw4hlMP6i8Vjdz,Tá perdoado,0.78,0.571,102.026,-8.651,0.858,0.061,1.26e-05,0.0767,0.586
2zJespNLwpMVcD8bPyaFef,O Segundo Sol - Acoustic,0.424,0.713,151.281,-7.406,0.461,0.049,0.0,0.741,0.533
7dxK6RSoCWZcb5gobxs1h9,Vamos Fugir,0.6,0.752,135.98,-5.66,0.735,0.0358,0.0,0.0846,0.191
2kzEEsKiUPTvct5pGflQVF,"Greenback Boogie (Theme from ""Suits"")",0.629,0.67,142.997,-7.406,0.418,0.03,0.0187,0.395,0.119
73L7X1wQ2d7Y91pT4ElexT,Safety Dance,0.76,0.612,101.386,-10.93,0.198,0.0448,0.0114,0.111,0.0419
058VOmj2vkyItyKHFLc8vF,Da Ya Think I'm Sexy,0.759,0.815,112.006,-5.716,0.917,0.0653,1.2e-06,0.0583,0.0046
4SpqtLElDsO6KGbd4ub96Z,Pela Luz dos Olhos Teus - Bonus Track,0.453,0.277,116.832,-11.615,0.779,0.0592,0.0,0.118,0.876
5VzvK7YiwWbRePA2JOzhYq,Because the Night - MTV Unplugged Version,0.408,0.79,122.624,-8.138,0.347,0.103,0.00027,0.765,0.26
11IzgLRXV7Cgek3tEgGgjw,Under Pressure - Remastered,0.671,0.711,113.809,-7.813,0.466,0.0478,0.0,0.104,0.422
6xGoLwsVOwcxg5LYuUwz8D,Three Little Birds,0.651,0.592,148.131,-8.157,0.711,0.029,0.00518,0.102,0.233
2PnNomkEqlg9ADKCVG0Wt0,Every Breath You Take,0.829,0.434,117.399,-10.52,0.721,0.0341,0.00168,0.0726,0.447
5uPYEStMW3KsXnnLV7iCTw,Johnny B Goode - 2002 Remaster,0.749,0.849,145.169,-5.761,0.959,0.0544,0.000168,0.115,0.0299
0J6mQxEZnlRt9ymzFntA6z,Livin' On A Prayer,0.534,0.887,122.494,-3.777,0.72,0.0345,9.93e-05,0.325,0.0768
3KYiA4vq6RPO1dE2XROXd8,You Give Love A Bad Name,0.537,0.959,122.806,-3.002,0.828,0.0557,1.8e-06,0.382,0.0704
2fY6tqgrlrg1ky9fgs0t5u,Wanted Dead Or Alive,0.257,0.803,150.818,-3.886,0.294,0.0411,0.0156,0.297,0.137
6c9FQiAlvzMaTc3HrLqSRx,The Way You Look Tonight,0.806,0.485,104.832,-10.445,0.874,0.0672,0.000847,0.225,0.728
4y6P6eic8hhTcFqtaV5ftn,Carta Ao Tom 74,0.621,0.369,143.1,-11.972,0.517,0.245,1.17e-06,0.137,0.675
4bz7uB4edifWKJXSDxwHcs,Galvanize,0.745,0.714,104.003,-3.681,0.365,0.0751,0.0222,0.363,0.0141
1mea3bSkSGXuIRvnydlB5b,Viva La Vida,0.485,0.619,138.017,-7.115,0.416,0.0289,3.31e-06,0.109,0.0941
33IOhptvC2Qoy2UhjiHXLV,Flames,0.609,0.726,93.958,-4.346,0.362,0.0414,8.45e-06,0.0895,0.0723
7w9bgPAmPTtrkt2v16QWvQ,"Lose Yourself - From ""8 Mile"" Soundtrack",0.701,0.728,171.388,-4.554,0.0591,0.255,0.00115,0.361,0.00971
26eOTllWPn7oKuDUJnsJwF,The Sweet Escape,0.756,0.77,119.961,-3.502,0.73,0.0343,0.0,0.178,0.191
6I9VzXrHxO9rA9A5euc8Ak,Toxic,0.774,0.838,143.04,-3.914,0.924,0.114,0.025,0.242,0.0249
6QgjcU0zLnzq5OrUoSZ3OK,Feel It Still,0.801,0.795,79.028,-5.115,0.754,0.0504,0.000113,0.0717,0.0417
3z5ggGtcs4t8pizW521gW9,Pretend We're Dead,0.569,0.788,115.151,-8.559,0.913,0.031,0.635,0.0811,5.62e-06
7fxpqs4G8vj3rFYbJnsG7w,Shitlist,0.419,0.916,128.98,-8.373,0.496,0.0604,0.194,0.0751,9.2e-06
1KU5EHSz04JhGg3rReGJ0N,Black Velvet,0.754,0.366,91.147,-10.07,0.469,0.0312,9.04e-05,0.106,0.273
2zFdsAIk9r2Mi7Lmm1w3sM,That's All - 2007 Remaster,0.697,0.627,87.695,-7.941,0.797,0.0328,0.0138,0.06,0.224
6I7GpxOjlDzO1Iur14FEfy,Óculos,0.533,0.701,181.372,-14.954,0.912,0.112,0.0213,0.0661,0.0868
4AwNUVU4h3QmUMHIbzurRa,Envelheço na cidade,0.61,0.802,117.184,-6.334,0.645,0.028,6.29e-05,0.323,0.000501
22JzTLr1YHfewbyPkgCARt,Pobre paulista,0.427,0.759,93.018,-10.311,0.595,0.0316,0.000102,0.414,3.61e-05
5scK80Nrz12oGUnQGcPgg1,Mantenha o Respeito,0.589,0.661,108.035,-8.955,0.382,0.21,5.22e-06,0.0968,0.0439
7qvxFz3JodM0A7xEM7k3YD,Chained To The Rhythm,0.446,0.8,189.89,-5.404,0.474,0.174,0.0,0.199,0.0814
5jrdCoLpJSvHHorevXBATy,Dark Horse,0.645,0.585,131.931,-6.122,0.353,0.0513,0.0,0.165,0.00314
4uQcu4YZSma1ZA8OUazmW9,I Kissed A Girl,0.699,0.76,129.996,-3.173,0.696,0.0677,0.0,0.132,0.00223
7yCPwWs66K8Ba5lFuU2bcx,All The Small Things,0.439,0.891,148.599,-4.764,0.695,0.057,0.0,0.547,0.0122
1jdNcAD8Ir58RlsdGjJJdx,Ho Hey,0.685,0.474,79.991,-9.105,0.36,0.0313,1.23e-06,0.149,0.779
4JehYebiI9JE8sR8MisGVb,Halo,0.508,0.72,79.983,-5.908,0.472,0.0628,0.0,0.0563,0.272
6sy3LkhNFjJWlaeSMNwQ62,Counting Stars,0.664,0.705,122.017,-4.972,0.477,0.0382,0.0,0.115,0.0654
1JO1xLtVc8mWhIoE3YaCL0,Happy Together,0.584,0.367,120.175,-9.638,0.588,0.0328,1.38e-05,0.0818,0.55
5mhUPDWQH3s544WCsa0r9w,Human,0.547,0.837,135.47,-7.085,0.568,0.0676,0.000624,0.0937,0.00112
4VywXu6umkIQ2OS0m1I79y,Better Together,0.868,0.347,110.059,-9.529,0.659,0.0536,2e-05,0.11,0.308
5QpaGzWp0hwB5faV8dkbAz,Wherever You Will Go,0.558,0.719,112.027,-5.113,0.371,0.0267,0.0,0.115,0.0367
38bDGWuyYdSdNfrFfbCiVS,We Didn't Start the Fire,0.711,0.967,145.024,-5.204,0.892,0.0474,0.0,0.245,0.0849
67Hna13dNDkZvBpTXRIaOJ,Teardrop,0.615,0.419,76.997,-8.8,0.216,0.0395,0.497,0.135,0.0173
6IVjnPfMGjQeUXvqpzLLdY,Smiled At Me (Sorriu Para Mim),0.55,0.267,90.676,-16.761,0.513,0.0515,0.245,0.113,0.752
7KsQssGg3DaovFkd9Kbnc6,Corcovado,0.517,0.0854,126.854,-17.722,0.391,0.0483,0.00762,0.284,0.935
3vV3cr2TpPqFk07zxYUbla,Cum on Feel the Noize,0.409,0.92,145.085,-5.439,0.37,0.12,0.00105,0.0823,0.00719
1gKmnrz6SzJlGMNRKBLx1V,One Way Or Another,0.47,0.796,161.414,-12.055,0.909,0.0517,7.35e-05,0.292,0.0792
2M9ro2krNb7nr7HSprkEgo,Fast Car,0.711,0.292,103.951,-15.523,0.194,0.037,0.0,0.131,0.313
3G69vJMWsX6ZohTykad2AU,One,0.392,0.534,181.305,-8.793,0.325,0.0369,0.00104,0.155,0.245
3sw1PM6wj5aUq3kDrHJsk8,Shiny Happy People,0.453,0.908,124.592,-3.948,0.74,0.0373,0.03,0.258,0.0285
0wfcNeRfE0Z7bTlTYmVKQC,A Casa é Sua,0.68,0.687,79.517,-6.315,0.949,0.0468,0.00233,0.093,0.261
2x45xqISlmmDJqxOqr8BuS,With Or Without You - Remastered,0.538,0.432,110.181,-11.882,0.116,0.0295,0.309,0.139,0.000185
4kLWjcI5IrMKELSngOhTJv,Beija Eu,0.543,0.526,159.093,-13.767,0.677,0.0311,5.27e-06,0.051,0.297
7h8Ud480Fm4ReUVxgFF9ZX,Rolling In The Deep,0.729,0.777,104.946,-5.112,0.527,0.0293,0.0,0.0541,0.13
3CKCZ9pfwAfoMZlMncA1Nc,Set Fire to the Rain,0.61,0.683,108.003,-3.879,0.466,0.0253,1.79e-06,0.125,0.00382
3Kc1TDpaMfq6DBt4Gz3Pq1,Firework,0.638,0.832,124.071,-5.039,0.648,0.049,0.0,0.113,0.141
3bDGwl0X3EjQmIyFD1uif5,Roar,0.56,0.756,179.771,-4.817,0.404,0.0415,1.29e-05,0.55,0.00635
6g1NlCpW7fgqDnWbCCDrHl,Wake Me Up - Radio Edit,0.532,0.783,124.08,-5.697,0.643,0.0523,0.0012,0.161,0.0038
1MDoll6jK4rrk2BcFRP5i7,Hello,0.471,0.431,157.98,-6.129,0.289,0.0342,0.0,0.0854,0.329
6suU8oBlW4O2pg88tOXgHo,Under Pressure - Remastered,0.672,0.699,113.737,-7.831,0.46,0.0475,0.0,0.094,0.395
2IrdHGhifKDX6m2S8vHf1s,A Message to You Rudy,0.906,0.453,102.981,-7.938,0.969,0.0665,0.00031,0.104,0.17
3CRDbSIZ4r5MsZ0YwxuEkn,Stressed Out,0.734,0.637,169.977,-5.677,0.648,0.141,2.29e-05,0.0602,0.0462
6i0V12jOa3mr6uu4WYhUBr,Heathens,0.732,0.396,90.024,-9.348,0.548,0.0286,3.58e-05,0.105,0.0841
2Z8WuEywRWYTKe1NybPQEW,Ride,0.645,0.713,74.989,-5.355,0.566,0.0393,0.0,0.113,0.00835
5bIEpKwEFgJzB7U3gFaeKm,Here Comes The Sun - Remastered 2009,0.557,0.519,129.157,-11.164,0.371,0.0357,0.00126,0.105,0.0362
7HacxOP2pHeSv1OsraqmDA,Do Lado de Cá,0.628,0.46,75.708,-6.764,0.677,0.0575,0.0021,0.092,0.767
3OkHIS1p4y2F8TdVKWZfod,Juste un inconnu,0.869,0.383,129.021,-11.615,0.919,0.0429,6.13e-05,0.112,0.731
0iwo02NoGqyooxs81iEkz3,The Ballad Of John And Yoko - Remastered 2009,0.654,0.862,135.117,-8.437,0.956,0.0316,4.51e-05,0.0955,0.0053
2udGjDmpK1dH9VGyw7nrei,Cocaine,0.699,0.502,105.267,-12.526,0.676,0.0278,0.0337,0.317,0.0607
3k9i7UzeSUYWIfUZFeFDUd,Layla - 40th Anniversary Version / 2010 Remastered,0.404,0.903,115.672,-3.88,0.498,0.0668,0.297,0.287,0.577
1RJeiAIwR9pZBgJA8ndZLL,"Paint It, Black - Mono",0.505,0.836,159.669,-7.384,0.764,0.101,0.0771,0.295,0.0103
10igKaIKsSB6ZnWxPxPvKO,Nothing Else Matters,0.558,0.364,142.171,-11.258,0.17,0.0265,5.02e-06,0.0753,0.0505
5HNCy40Ni5BZJFw1TKzRsC,Comfortably Numb,0.472,0.366,127.167,-12.595,0.171,0.0286,0.308,0.0837,0.15
1sUTfgduT0WIQO8kXKXxLC,"Blaze Of Glory - From ""Young Guns II"" Soundtrack",0.547,0.62,78.598,-9.823,0.426,0.0309,2.49e-05,0.0937,0.0564
6FJ9Xp3fCxSTAdcRVaDQdl,Miracle,0.577,0.677,92.007,-10.327,0.683,0.0245,0.0,0.493,0.367
53eJFr4Mfbw5PXJ01K6cFw,Daughter (Remastered),0.615,0.702,96.99,-9.686,0.734,0.0278,0.00431,0.0608,0.00746
3YfiGjwBzBsDrYPqAJsD4z,Kiss from a Rose - Acoustic,0.659,0.407,119.321,-9.718,0.269,0.0353,0.0,0.0784,0.743
1qylvO4iCIZZcqc4TqSjTZ,Zombie - Acoustic Version,0.469,0.427,84.053,-7.954,0.0821,0.0241,3.77e-05,0.128,0.00414
5Xak5fmy089t0FYmh3VJiY,Black,0.36,0.684,77.15,-6.457,0.2,0.0308,0.0,0.34,0.323
40hrL4q3dxErnwzpIof6fc,Crazy Mary (Remastered),0.385,0.465,139.109,-10.317,0.104,0.034,0.0162,0.128,0.0389
6Qyc6fS4DsZjB2mRW9DsQs,Iris,0.315,0.715,155.925,-8.072,0.497,0.0362,7.97e-06,0.0942,0.00125
6ZmwwHYtun94UOdFWWgdif,Alanis’ Interlude,0.705,0.89,94.013,-4.356,0.45,0.0555,0.0,0.14,0.00947
6z9ehfxE973fOlKJKNJL2x,Blue Sky Mine - 2011 Remaster,0.631,0.852,132.018,-3.181,0.834,0.029,0.000102,0.144,0.0601
4AHU8QRdwCUWxPC53cw4Hh,Whole Wide World,0.752,0.54,114.217,-8.986,0.882,0.0768,0.000155,0.0919,0.561
5TbwZ0OSuU1fGtQ8aTgiZP,"The Box, Pt. 1",0.672,0.216,141.002,-20.309,0.268,0.0367,0.877,0.0852,0.226
1kV6GsEtVGmPehcGpmYtnr,The Box - Part 2,0.603,0.72,140.991,-12.956,0.66,0.0295,0.936,0.096,0.0075
5GjnIpUlLGEIYk052ISOw9,This Is What It Feels Like,0.552,0.831,129.889,-5.217,0.144,0.0298,2.93e-06,0.0632,0.0391
6Ha2gDoMVDHaRjxxoS6qZJ,Here Tonight,0.557,0.841,127.977,-2.472,0.188,0.0426,0.0,0.337,0.106
1FZ90IoWFZlubV6bjyyEwq,Faded - Dash Berlin Remix,0.388,0.915,127.823,-3.293,0.102,0.0462,0.0131,0.146,0.000628
7ju9l3vOySwv0OQ3WuwwSq,Shine Ibiza Anthem 2019,0.549,0.977,137.991,-4.906,0.25,0.0513,0.904,0.324,0.000582
36i9NcqbdQFdQfOROpIwMA,Fico Assim Sem Você,0.809,0.428,121.969,-8.428,0.507,0.0342,0.0,0.0851,0.809
6IvKz4Ax11LsLA0X0bPkqD,"Ai, Ai, Ai...",0.643,0.673,130.108,-6.708,0.916,0.0281,0.000133,0.109,0.00227
2YNnsUUgc23G8Th8TKpH44,O Calibre,0.477,0.977,90.155,-5.694,0.528,0.086,0.0,0.148,0.05
3vFh4274hFZc3q2LoidsyK,Somewhere Only We Know,0.314,0.286,172.021,-10.191,0.278,0.035,0.0258,0.0999,0.935
1HL90u8MrrXtqNonXYN5of,Realla,0.628,0.601,129.98,-8.452,0.235,0.0505,0.0228,0.128,0.451
2hlqCFahLVgdBIbY3yTrAb,Rose's Thorn,0.537,0.859,157.98,-5.487,0.21,0.039,0.77,0.13,0.0694
1Q8lDjEzlTwATSZz2zgPd9,Wen Uuu,0.674,0.655,174.014,-6.574,0.0597,0.0413,0.844,0.0965,0.473
44hOGg1uFg1XJZGZYNwYmM,Tainted Love,0.569,0.402,144.635,-10.151,0.696,0.0433,0.0,0.134,0.438
0qgrrDnUUhyxpxbBznUnzg,18 and Life,0.466,0.648,90.435,-11.101,0.305,0.028,1.49e-05,0.112,0.0023
1hlveB9M6ijHZRbzZ2teyh,We're Not Gonna Take It,0.502,0.924,149.186,-6.299,0.922,0.0503,0.0,0.162,0.0127
34pz8XUZRfw04lk4DPtwa7,Keep Yourself Alive - Live At The Rainbow,0.308,0.975,138.974,-5.894,0.295,0.173,9.14e-06,0.975,0.0194
3z8h0TU7ReDPLIbEnYhWZb,Bohemian Rhapsody - 2011 Mix,0.39,0.397,144.031,-9.963,0.246,0.0513,0.0,0.207,0.287
0YwBZKT8JE4U5TwmYE9BV9,Radio Ga Ga - Live Aid,0.406,0.934,118.823,-6.668,0.395,0.0845,0.0,0.955,0.0138
5WZDLZVCvY1rEyNir6k8Pg,The Show Must Go On - 2011 Mix,0.425,0.675,84.156,-6.79,0.0671,0.0409,4.51e-06,0.112,0.433
3INsYP1Y8GG4qJvBsKCdXC,Don't Stop Me Now - ...Revisited,0.465,0.917,155.061,-6.331,0.39,0.237,0.02,0.286,0.0152
3AnQw2w00WUDHMKmtXGvVx,The Sea,0.535,0.761,149.968,-7.589,0.248,0.0373,0.114,0.0485,0.0165
72CPoBQn1XmRhJXS1Vy7O2,We No Speak Americano (JT Radio Edit),0.902,0.805,124.996,-5.005,0.737,0.0464,0.082,0.0916,0.0725
4VqPOruhp5EdPBeR92t6lQ,Uprising,0.602,0.905,128.019,-4.046,0.411,0.0775,0.064,0.117,0.000202
63T7DJ1AFDD6Bn8VzG6JE8,"Paint It, Black",0.464,0.795,158.691,-9.267,0.612,0.0926,0.00244,0.399,0.0493
